key,default_text
ui.s_007a41ed,Sé el primero en comentar.
ui.s_04bccec7,No se pudo iniciar el chat.
ui.s_04e0348a,Error loading song
ui.s_0b2a9cff,¡RACHA EN LLAMAS!
ui.s_0c4bfd06,Cancelar reconocimiento
ui.s_0cb3cac0,"By creating an account, you agree to our"
ui.s_0cb739ae,Describe tu vibe...
ui.s_0cef2828,Post no disponible
ui.s_0dc9f6a6,No se pudo abrir el enlace
ui.s_0e9a90c8,No se pudo abrir WhatsApp
ui.s_10e1e287,Canciones en Mood
ui.s_113f7428,Buscar
ui.s_114de65f,Esta acción es irreversible
ui.s_13baa745,Gestionar tu publicación
ui.s_1451e1c4,Eliminar publicación
ui.s_15fa29e2,Voz
ui.s_16f79c31,Respondiendo a
ui.s_17414caf,Shared by
ui.s_17965461,Reintentar
ui.s_17c985bf,Enlace en el portapapeles.
ui.s_187a2495,Apple Music
ui.s_18b9d3db,You Might Like
ui.s_1abf56f2,URL no disponible
ui.s_1c373962,Reset a defaults
ui.s_1d57a629,Modo Privacidad
ui.s_1d787586,\n
ui.s_1eeb507d,Feature flags / kill switches
ui.s_1feb1fbf,¿Eliminar?
ui.s_20568f6e,Playlist •
ui.s_207b4a8c,No encontramos resultados. Prueba otro chip.
ui.s_21158300,Canción agregada.
ui.s_21646377,Error al reproducir.
ui.s_2164de00,Compartir Música
ui.s_22051e50,Usar este sonido
ui.s_231d0667,No se pudo bloquear al usuario.
ui.s_23cd3837,¡Sigue así!
ui.s_24c714cc,Followers
ui.s_25380339,No se pudo eliminar.
ui.s_25416c71,🎙️ Grabar voz
ui.s_263746fa,Card ✨
ui.s_271870a7,Crear Publicación
ui.s_275a856f,Música
ui.s_29721568,No se pudo subir. Verifica el formato.
ui.s_29fa9760,No verás más contenido de este usuario
ui.s_2ad35866,Compartir via...
ui.s_2b01b9c3,Renombrar Playlist
ui.s_2b6cf537,Tu Vibe
ui.s_2c001e11,Ver más
ui.s_2dfa76c3,Opciones del post
ui.s_2e3d3876,Nueva
ui.s_2e4228cd,No se pudo reproducir el audio.
ui.s_2e426f17,Modo Privacidad Activado
ui.s_2eac473a,No se pudo enviar el mensaje.
ui.s_2ec3e1aa,Follow Back
ui.s_2ee9c14a,Siguiendo
ui.s_30cc00ae,Enviar
ui.s_3173b6b4,Mood
ui.s_33847840,Esta pantalla no existe o fue movida.
ui.s_33aef9ff,Foto o Video
ui.s_3536ef2d,RESUMEN SEMANAL
ui.s_35859cd3,No se pudo enviar
ui.s_35d6b383,Sin mensajes aún
ui.s_361fee5a,Playlist no disponible
ui.s_3620a2f5,Riesgo
ui.s_36f27c7e,Fallo al eliminar.
ui.s_36ff3924,"Contenido inapropiado, spam..."
ui.s_3903aab3,Follow
ui.s_3a2c2589,Cargando
ui.s_3abf536a,Canción
ui.s_3bd5180d,Buscar usuarios...
ui.s_3d594614,Friends
ui.s_3da61fd2,Voice Vibe
ui.s_3e1e6082,El usuario ha sido bloqueado correctamente.
ui.s_3f112ff0,Esta playlist está vacía.
ui.s_3fab5c57,Tu resumen semanal está listo
ui.s_4059cd09,Visible por 24 horas
ui.s_40fa5b6e,"Hola, necesito asistencia con la aplicación Mood."
ui.s_4250995c,Galería
ui.s_4636d03e,Código inválido
ui.s_476e7d19,Limpiar
ui.s_47d8c19f,Eliminar comentario
ui.s_488a4d16,Local Playlist
ui.s_48c990a1,No se pudo subir la nota de voz.
ui.s_4925f6ff,Agregar Canciones
ui.s_4ae91cce,Error al reportar.
ui.s_4c2a8fe7,Message
ui.s_4e1ac340,No se pudo eliminar la canción.
ui.s_511a343f,Sin conexión · Algunas acciones pueden fallar
ui.s_518f6d6a,Sin Playlists
ui.s_5315e19d,Abre el menú de opciones
ui.s_54fa29f1,Compartido correctamente.
ui.s_55dcdf01,Chat
ui.s_56065055,Éxito
ui.s_563d5e56,Pago
ui.s_57f15268,MOOD PREVIEW
ui.s_581696c1,Selecciona una acción
ui.s_584ec4e9,Política de Privacidad
ui.s_58795825,Reporte enviado
ui.s_59064fcd,Salud de Seguridad
ui.s_5981dfcb,Sincronizando...
ui.s_5a661d50,Sigue a creadores y artistas para llenar tu inicio con la mejor música.
ui.s_5c163ee9,You Might Know
ui.s_5dba4ea3,No posts
ui.s_5dc52ca9,Posts
ui.s_5e93b855,Estamos procesando tu solicitud en segundo plano.
ui.s_603d03f2,Borrar datos copiados por seguridad
ui.s_603d05a8,Experimentos
ui.s_60829e2a,NEW ✨
ui.s_622526e3,No se pudo cargar la playlist
ui.s_62cd7c18,No se pudo crear la playlist.
ui.s_640aeace,Compartir no disponible.
ui.s_64409c8c,Buscar por nombre o usuario...
ui.s_6550dcdb,Reproducir en Spotify
ui.s_65f35e27,Vibe Check
ui.s_69d611f2,Casual 💬
ui.s_6a581ce4,Buscar persona...
ui.s_6a951304,Enviar a...
ui.s_6aba49f8,Viral Card
ui.s_6becacaf,TOP ARTIST
ui.s_6dba6580,El audio no se pudo cargar.
ui.s_6e16406e,Vibe
ui.s_6ec22507,Alertas push y actividades
ui.s_6f796b0e,Following
ui.s_6fce0d2a,Crear Nueva Historia
ui.s_7089b605,Código Promocional
ui.s_729ed57e,Sugerencias para ti
ui.s_72ce2533,Reportar
ui.s_73e191f0,No se pudo seguir al usuario
ui.s_74947a95,"openLink( ""https://candied-resolution-5fa.notion.site/T-rminos-de-Uso-y-EULA-Acuerdo-de-Licencia-2e08961d2f1080769b1ddd43f1ea92c7?source=copy_link"", ) } > Terms of Use (EULA)"
ui.s_74dc3bac,Comentarios (
ui.s_74eaabcc,Marca este post como que te gusta
ui.s_77c0ff57,No se pudo crear el perfil de usuario.
ui.s_78f9355b,Reproducir en Apple Music
ui.s_7a0c462b,Sincronizada
ui.s_7ad91252,No se pudo publicar.
ui.s_7ae8b433,Buscar...
ui.s_7aeddfb8,No se pudo enviar el comentario
ui.s_7baa000e,No se encontraron usuarios
ui.s_7ca59d57,Con música
ui.s_7ce96a09,Tu feed está muy callado...
ui.s_7d43f01d,No se pudo actualizar la preferencia de música.
ui.s_7da85d20,Comparte este post
ui.s_7e962398,Nuevo Mensaje
ui.s_8235c5d0,Ups…
ui.s_823a8f1e,Enviado
ui.s_8253ac9e,Buena
ui.s_83227328,¿Estás seguro de que quieres eliminar este comentario?
ui.s_83a2de66,Ahora
ui.s_847607d7,Cancelar
ui.s_8487931b,Confirmar
ui.s_85d853bf,¿Deseas bloquear a
ui.s_862cea3f,No se pudo enviar la canción
ui.s_862fa4ae,Ver
ui.s_86d6df01,Reportar publicación
ui.s_8734dcc8,Audio no disponible
ui.s_88559a0c,OFF
ui.s_8877f3a2,Opciones
ui.s_890f8c45,Gracias.
ui.s_891d33e4,MOOD
ui.s_89e6fa73,Inicia una conversación con tus amigos de Mood.
ui.s_8b8040eb,VIBE CHECK
ui.s_8ddd8d88,Listo
ui.s_8faf8a3c,Historia publicada
ui.s_8ff05b94,No se pudo abrir el chat
ui.s_901b298f,No songs
ui.s_902b0d55,Error
ui.s_90651ebe,ON
ui.s_90fe8a93,Bloquear usuario
ui.s_91429eb8,No tienes canciones guardadas.
ui.s_9173f50f,DESARROLLO
ui.s_9202d8b5,¿Seguro que quieres eliminar esta historia?
ui.s_928bc7ca,Copiado
ui.s_93cc2da3,No estás identificado.
ui.s_95d82ec4,Toca para elegir
ui.s_965c9bb3,Privacidad
ui.s_967b15c4,Subiendo
ui.s_97124c8c,Comparte una canción
ui.s_9befe99b,LIMPIAR
ui.s_9c56a723,canciones en Mood
ui.s_9df2a2f9,Ver Perfil
ui.s_a0761a61,Portapapeles limpiado.
ui.s_a0ba125b,Mensaje...
ui.s_a14c1ba0,No se pudo eliminar
ui.s_a218d22c,Descartar
ui.s_a233337c,Publicación compartida.
ui.s_a2375014,Algo salió mal
ui.s_a3a48447,No se pudo renombrar.
ui.s_a465034c,Detectamos un posible crash-loop. Desactivamos temporalmente algunos experimentos para que la app pueda iniciar.
ui.s_a5f9ee83,Abrir
ui.s_a6b30ef4,Selecciona una razón:
ui.s_a6f0cb2b,Acciones
ui.s_a7bc973f,No se pudo subir el audio.
ui.s_a7f94442,• Con música
ui.s_a816ff98,Añadir comentario...
ui.s_a846a650,Seleccionar
ui.s_a96f30f0,Borrar
ui.s_aa293eb1,Es posible que haya cambiado su nombre.
ui.s_ac5711d8,Modo
ui.s_ac7622d8,No se pudo agregar la canción.
ui.s_acc0fa69,No se pudo compartir.
ui.s_ad56bdfe,Notificaciones
ui.s_ad5f6240,Explorar Comunidad
ui.s_addcfb70,¿Qué deseas subir?
ui.s_adea0441,No se pudo cargar el post
ui.s_aff4803f,canciones
ui.s_b04b4c33,Para tu perfil y el feed
ui.s_b0c28ea0,Descubre música rápido
ui.s_b274d2f7,Elige un Vibe primero
ui.s_b27e11d7,Términos y Condiciones (EULA)
ui.s_b2a42773,Lo sentimos
ui.s_b39a7338,Chats
ui.s_b47d0019,Esta acción es irreversible.
ui.s_b4c8ef1d,Busca canciones...
ui.s_b5387d43,No se pudo agregar.
ui.s_b81d61fc,WEEKLY VIBE
ui.s_bb780b43,Tu historia se está subiendo en segundo plano...
ui.s_bd23eb60,Seguir
ui.s_bd99de7d,Sé el primero en opinar sobre este Vibe.
ui.s_bdfd840e,Limpiar Portapapeles
ui.s_be6e5d4d,Enlace en portapapeles.
ui.s_bf89f675,Inicio
ui.s_bfb68000,Playlist
ui.s_c1215e36,No se encontraron posts de este artista.
ui.s_c1943897,No encontrado
ui.s_c1d6a671,Seguridad
ui.s_c1e5b5f4,No se pudo abrir el enlace.
ui.s_c2fcf39b,Audio no disponible.
ui.s_c43399f2,MY WEEKLY
ui.s_c48e929b,Quote
ui.s_c53151ff,LEGAL
ui.s_c96b1a9c,Publicidad
ui.s_c99ca222,Código canjeado con éxito. Ahora eres un usuario verificado.
ui.s_c9cc8cce,Save
ui.s_ca536490,Tus Canciones Guardadas
ui.s_cb41286e,No se pudo cargar tu biblioteca.
ui.s_cc71d8f3,likes
ui.s_cceb0f88,Cómo cuidamos tus datos
ui.s_ce308b4c,Crear Historia
ui.s_cf21e637,Usuario no encontrado
ui.s_cf4e15f2,No se pudo activar la membresía.
ui.s_d047815e,Ver y escribir comentarios
ui.s_d0edd9a7,PLATAFORMA DE MÚSICA
ui.s_d1489c0f,🎙️ Grabar con música
ui.s_d310cee9,Cargando flags...
ui.s_d3270bdb,Guardar
ui.s_d39c3d31,Nuevo nombre...
ui.s_d607e402,Vibes Populares
ui.s_d657cdfd,Volver al inicio
ui.s_d8e87c09,Sync
ui.s_d8f00338,Volver a Ajustes
ui.s_d96b6b7e,Explora por mood o género
ui.s_db931740,Publicando...
ui.s_dc05e64f,días seguidos.
ui.s_dc52ced9,Ocultar
ui.s_df6980c4,La pasarela de pago estará disponible pronto. Intenta conseguir un código promocional.
ui.s_df7e8969,Responder
ui.s_dfba171a,respuesta
ui.s_dfba89a6,Story
ui.s_e0b1f1b4,Cambios inmediatos (se guardan localmente)
ui.s_e182ebbc,AD
ui.s_e27a30b0,Enviar (
ui.s_e2dde4d5,Liberar espacio
ui.s_e3de83bd,Copiar enlace
ui.s_e43c403f,Grabando...
ui.s_e445a869,Usar sonido
ui.s_e5f7f63d,Default:
ui.s_e61b48ef,Ver el perfil del creador
ui.s_e73a3987,Postear Weekly Vibe
ui.s_e793a3d6,Guarda este post para verlo luego
ui.s_e79c19ed,Has publicado
ui.s_e8c266e1,Intenta cargar la pantalla nuevamente
ui.s_e9eef2bc,Ahora no se pueden tomar capturas de pantalla ni grabar dentro de la app.
ui.s_ea32bb9f,Tu historia
ui.s_ea44fb1e,Ocurrió un error al intentar abrir el chat.
ui.s_eb99ce82,Buscar artista o canción...
ui.s_ec07c2e7,Bloqueado
ui.s_ed330643,Safe Mode activo
ui.s_ee1d951d,Disponible 24h
ui.s_eeafb3fb,Reglas de convivencia
ui.s_eee2c16a,No se pudo eliminar el comentario.
ui.s_ef68cf0d,No users found.
ui.s_ef9b7e8d,No se pudo sincronizar el perfil del usuario.
ui.s_f1498459,respuestas
ui.s_f18a8fc3,Regresa al feed principal
ui.s_f1caef3b,Más
ui.s_f1e904ac,tracks
ui.s_f1e99752,Crear contenido con esta música
ui.s_f3f5a192,Bloquea capturas y grabaciones de pantalla
ui.s_f40d5ede,Estados de ánimo & géneros
ui.s_f4299922,No encontramos canciones
ui.s_f5b11f41,Expira:
ui.s_f5c87d64,Eliminar historia
ui.s_f5e652a3,ANALIZANDO VIBES...
ui.s_f92bafeb,handleMentionPress(username)} >
ui.s_faa5e48d,Primero crea una playlist.
ui.s_faa961a1,Abrir comentarios
ui.s_fba5ba0a,Compartir
ui.s_fca9e94b,¡Bienvenido a Mood Plus!
ui.s_fceb6c3f,Se produjo un error inesperado. Puedes intentar de nuevo o volver al inicio.
ui.s_fd034769,El código promocional no existe.
ui.s_fd539ca1,Spotify
ui.s_fecf6798,No se encontraron usuarios.
