key,value
s_2b6cf537,"Tu Vibe"
s_2eac473a,"We couldn't send el message."
s_33847840,"Esta pantalla no existe o fue movida."
s_3e1e6082,"El usuario ha sido bloqueado correctamente."
s_48c990a1,"We couldn't upload la nota de voz."
s_4ae91cce,"Error al reportar."
s_4e1ac340,"We couldn't delete la song."
s_5315e19d,"Open options menu"
s_5e93b855,"Estamos procesando tu solicitud en segundo plano."
s_72ce2533,"Reportar"
s_74eaabcc,"Marca este post como que te gusta"
s_77c0ff57,"We couldn't create el profile de user."
s_7d43f01d,"We couldn't update la preferencia de musica."
s_7da85d20,"Comparte este post"
s_862cea3f,"We couldn't send la song."
s_a465034c,"Detectamos un posible crash-loop. Desactivamos temporalmente algunos experimentos para que la app pueda iniciar."
s_aa293eb1,"Es posible que haya cambiado su nombre."
s_ac7622d8,"We couldn't agregar la song."
s_adea0441,"We couldn't load el post."
s_b04b4c33,"Para tu perfil y el feed"
s_bd23eb60,"Seguir"
s_bd99de7d,"el primero en opinar sobre este Vibe."
s_c1215e36,"No encontraron posts de este artista."
s_ca536490,"Tus Songs Guardadas"
s_cf4e15f2,"We couldn't activar la membresia."
s_e61b48ef,"Ver el perfil del creador"
s_e793a3d6,"Guarda este post para verlo luego"
s_e8c266e1,"Intenta cargar la pantalla nuevamente"
s_e9eef2bc,"Ahora no se pueden tomar capturas de pantalla ni grabar dentro de la app."
s_ea32bb9f,"Tu historia"
s_ef9b7e8d,"We couldn't sync el profile del user."
